id;start_date;end_date;language
1;2024-03-04T18:48:30;2024-03-05T05:58:43;SPANISH
2;2024-03-04T17:22:50;2024-03-04T18:43:25;FRENCH
3;2024-03-05T00:28:03;2024-03-05T05:09:31;ENGLISH
4;2024-03-04T17:17:23;2024-03-05T16:17:53;ENGLISH
5;2024-03-05T13:13:52;2024-03-05T10:40:38;ENGLISH
6;2024-03-04T18:16:23;2024-03-05T05:36:06;SPANISH
7;2024-03-05T16:07:56;2024-03-05T15:24:00;SPANISH
8;2024-03-04T20:54:51;2024-03-05T15:21:38;SPANISH
9;2024-03-05T11:37:46;2024-03-05T16:23:33;SPANISH
10;2024-03-05T08:40:06;2024-03-04T20:08:03;ENGLISH
